MAE,MSE,PWA
1.906421715941999,7.629927845603309,0.7560412430710918
2.0410379887750874,7.168142611997971,0.6341463414634146
1.9604015585421226,4.867004629420188,0.7320261437908496
